',-','-
'll,-'ll
-'s,'s
a
a-,an-
-an,-ian|+e
-a,-ca|+e,+um
ad-,ac-
-aan,-an
aard,aar
aaron
ab-
abacus
abalone
abandon
abase
abash
abate
abattoir
abaya
abbess
abbey
abbot
abbr,abbrevi,abbrev
abc
abdic
tummy,abdomen,belly
abdomin,abdomin-
aberr
abet
abey
abhor
abide
abject
abjure
ablaze
-able,-ible|+e
-ible|+e
-iable,-able|+y|.
able,-able
-sible,-able|+de,+d
ablute
abnegate
abode
abolite,abolish
abomin
aborigine
abort
abound
abt,about
above
abracadabra
abrog
abrupt
abs,abs-
abscess
abscond
abseil
absent
absinth
absolute
absolve
absorb,sorb,sorpt,absorpt
abstain
abstem
abstent
abstin
abstract
abstruse
absurd
abund
abuse
abut
abys,abyss,abysm
ac
ac-
-ac,-iac
-ac
acacia
academ
academe
acanth-,acantho-,thorn
accede
acceler,accel
accent
accept
access
accessory,accessary
accident
acclaim
accolade
accommodate,accommod
accompany
accomplice
accomplish
accord
accordion
accordionist
accost
account
accoutrement
accrete
accrue
acct
accur
accuse
-ace
ace
-aceae
acerb
acet
ache
achieve
achoo
acid
-ack
-acle
acme
acne
acolyte
acorn
acou-
acoust
acquaint
acquiesce
acquire
acquit
acr-,acro-
acre
acrid
acridine
acrimon
acro-
acrobat
across
acrostic
acryl
acs
-act
act
actin
active
actu
actual
actuary
acumen
-acusis
acute
-ity,-ty,-y,-cy,-acy,-ancy,-ency,-tie,-sy
-asy,-acy,-tasy,-tacy
as-,ad-
-ad
ad
ad-,ap-
ap-,ad-
ad-
ada
adage
adam
adapt
adc
add
addict
address
adduce
-ade|+e
aden-,aden
adept
adequ,adequate
adhd
adhere
adieu
adios
adip-
adj
adjac
adject
adjure
adjust
adjut
adjutage
administr,admin
admiral
admire
admiss
admit
admon
ado
adobe
adolesc,adole,adoles
adon
adopt
adore
adorn
adren-
adrenalin
adrift
adroit
ads
adsl
adulat
adult
adumbr
adv
advent
adverse
advertize,advertise
advise,advice
advoc
adze
-ae|+a
ae-
aegis
-ael,-el
-aemia,-emia,aemia,emia
aen
aeon
aero,aer-,air
aer
aero-,aer-,aero,air
aer-,aero-
aesthe,esthe,aesthesi-,aesthes,aesth
aether
aeti,etio
etiol
etiquette
af-
aff
affair
affect
affi
affili
affine
affirm
affix
afflict
afflu
afford
affray
afghan
afr
afric,afrik
afrikan
afro
aft
after,after-
ag-
again
against
agape
agate
-iage,-age|+y
age
-age,-uage|+e
agen
agenda
agent
agglomer
aggrav
aggreg
aggress
aggrieve
aggro
agile
agit
agm
agnost
ago
agog
agon
agora
agree
agri-,agro-
ague
ah
-iah,-ah
aha
ahem
ahoy
aid
ail
aim
-tain,-ain
ain,-ain
air
-aire
aisle
-ait
aitch
ajar
-ak
aka
akimbo
akin
-ual,-al,-tal|+e
al
-al,-eal|+e
-cul,-cal,-al,cul-,culo-
-tial,-ial,-al|+ce
-ial,-al,-iel|+y,+e
-el,-al,-il|+e
al-
already
-inal,-al|+e
ala
alacrit
alarm
alas
alb-
albeit
albi-
albino
album
albumin,albumen
alco-,alcohol
-ald
aldar
ale
aleck
alert
alex
alfalfa
alfresco
algae,alge
algid,chill
alge-,alge,algio-
algebr,algebra
alger
-algia,pain
alget,algesi-,alges,pain,algo-
algo
along
-ali
alias
alibi
alice
alien
align
aliment
alimony
alit
alkali
all-
all
allyl
allah
allay
allege
allegi
allegor
allegro
allele,allel-,allel
alleluia
allerg
alleviate
alley
alligator
alliter
alloc
allot
allow
alloy
allude
allure
allus
alluv
ally
almanac
almond
alms
aloof
alpaca
alpha-,alphar
alphabet
alpine
alsati
also
alt
altar
alter
alter-,altern-
alterc
altern
alti-
alto
altru
alum
alumini,alumin,alumin-
alumn
alveol
always
alzheimer
am-,am
amalgam
amanuensis
amass
amat
amateur
amaze
amazon
ambassad
amber
ambro,ambro,ambro-,ambros
ambi-
ambit
amble
ambyl,ambly,ambly
ambul
ambush
ameba
amelior
amen
amend
amer
ameras
ameri
amethyst
amic,ami
amido,amido-,amide
ammo
ammon
amnes
amni,amnio-
amine,amino-,amino
amoeb,amoebo-
amok
among
amor
amount
amour
ampl,amp
ampersand
amphetam
amph-,amphi-,amphoter-
ampoule
amput
amuck
amulet
amuse
amy
amygd,amygdule,amygdale,amygdulo-,amygdalo-
amyl-,amyl,amylo-
-isan,-izan,-an|+y
-izen,-ian,-an|+y
an-
-ana
ana-
anachron
anaconda
anem,anaem
anal
analect
analges,analget
analog
analy,analyze,analyse
anarch
anathema
-anation,-ion|+ain
anatom
-rance,-ance|+er
-ance,-ence|+e
ance
-ance
ancest
anchor
anchovy
paleo-,anci
ancil
-ency,-ancy,-cy|+e
-rancy,-ancy|+er|.
-ancy|+e
encycl,encyclo-,encyclo
ankyl-,ancyl-
ancylo-
and
-and,-end
andante
ander,andre,andro-,andr,andr-,andro
andrew
andy
-ane|+e
anec-,anecdote-
anem-,anem
anemo-,wind
anerg-,anerg
-ang
angel
angr,anger,resent
angin
angio-,angi-,angio
angle,angul-,angul
angora
angst
anim,anime
animus,animos
anise
aniso-,aniso
ankle
ann
anna
annal
anne
anneal
annex,annexe
anni-,annu-
annihil
anno
annot
announce
annoy
enni,annu
annul
anode
anoint
anon
anonym
anorak
anorex
answer
-ant|+e
-iant,-ant|+y|.
-rant,-ant|+er|.
ant-,anton
ant
anti-
ante-
antelope
anten
anteroom
anther
antho-
anthony
anthrac-
anthracite
anthrax
anthrop-,anthrop
anthropo-
anti
anti-
antic-,antic
anticip
antimony
antique
antler
anto
anton
antsy
anus,ano-
anvil
anxi
any,any-
anzac
ao
aob
aort
ap
apace
apart
ape
apear
aperitif
aperture
apeshit
apex
aphid
aphor
aphrod
aplomb
apo-
apocalypse,apocalyp
apogee
apolog
apoplexy
apost
apostroph
apothecar
apotheci
apotheos
app
appal
appar
apparat
apparent
apparit
appeal
appear
appease
appell
append
appendix
appet
apple
apply
apposite
appoint
appraise
appreci
apprehensively
apprent
apprise,inform
approach
approachable
appropriate
appropriately
approve
approxim,approx
appurten
apr
apricot
april
apron
apropos
apt
apti,aptitude
aque-,aqua-,aquat,aqua,aquat-

aqualung
aquatint
aqueak
aquilegia
ar-
-ar
-ular,-ar|+le|.
ar
-ar|+e
-ar,-ular
ara
arab
arachn
arbit
arbour,arbor
arbore
camber,arc
arch-,arch,archi-,archi,arche
archa
archae,archao
archae-
arche-,archeo-
archery
archit,architect,archit-
archive
-archy
arctic
-ard
ard
ardour,ardor
ardu
are
precinct,area
arena
arg
-arg
argent
argon
argot
argue
argy
argy-
around
aria
-arian,-ian|+e,+i
arid
aries
ariz,aris
aristo
arithm
-arium
-arl
arm
armada
armadillo
armageddon
armoire
armour,armor
armpit
aroma,aroma-
arpeg
arr
arraign
arrange
arrant
array
arrear
arrest
arrive
arrog,hubris,haught
arrow
-arry,-erry
ass,arse
arsen
arsen-,arseno-,arsen
arson
art
arte-,arti-,artif-
artefact,artifact
arteri-,arterio-,artery,arter
artery
artes
arth
arthr-,arthro-,arthr
article
articul,articul-
artif,artific
artillery
artisan
arts
arugula
arytaen,aryten
-ary,-rary,-iary,-uary,-ery,-iery,-uery,-ory,-iory,-uory|+e
-ery|+e
-ory|+e
as-
as
asap
asbest
asc
ascet
ascii
ascot
ascribe
-ase
ash
ashram
asia
asinine
ask
aspart,asparag
aspect
aspen
asper
bitumen,bitumin,asphalt
asphyxi
aspic
aspirate
aspire
ass
assail
assassin
assault
assay
assert 
assever
assibil
assidu
assemble
assess
asset
dilig,assidu
assign
assimil
assist
assize
associ,assoc,associate
assort
assuage,moderate
assume
assure
-ast,-est
-iast,-ast|+e
astr,aster,star
rear,astern
-asthenia,asthenia
asthma
aston,astonish,astound,aghast
astro-,astro
astute
asylum
at-
at
-at
atav
-ate|+e
-briate,-ate|+ber|.
-lriate,-ate|+ler|.
-itate,-ate|+e
-priate,-ate|+per|.
ate
-iate,-ate|+y,+e
atelier,studio
athanas
athe-
ather-
athlete,athl
-athon
-othy,-athy
-ation,-ion,-stration|+y,+e
atlant
atlas
atm
atmo-
atoll
atom
atr
atri-
atrium
atroc
atroph
attach
attack
attain
attempt
attend,attn
attenu
atti
attic
attire
attired
atto-
attorn
attorney
attract
attribute
attrit
au-
auct
audio-,aud
aud
audac
audit
aug
auger
aught,naught
augur
august
aunt
aurel,pupa
aur-,aure-,aur,aure
aus
ausp
austere
austin
austr
austral
auspice,auspex
aut-,auto-,aut
autarch
auteur
auth
auto-
auto,auto-
autumn
autopsy,autopt
auxo-
aux
avail
avalanche
avar
greed,avarice
cessate,avast,stop
cede
avat
ave
avenge
avenue
aver
average
averse
avi
avid
avocado
avoid
avoirdupois
avow
avuncular
aw
award
aware
away
awe
awk
awl
awn
awry
axe,ax
axill-
axiom
axle
-ay
ayatollah
aye
az
azimuth
azalea
azo-,azoto-,nitr-,nitro-,nitro
azure
b
ba
babble
baby,babe
babel
baboon
baccalaureate
baccara,baccarat
bacch
bacc
bach
bacil
back,-back
bacon
bacter,bacteri-
bad
bade
badge
bedminton,badminton
baffle
bag,-bag
-bah
bah
bai
bail
bain
bairn
bait
baize
bake
tip,bakshish,baksheesh
bal
bala
balan-
balance
balcony
bald
bale
balk
ball,-ball
balm
balsa
balsam
balt
balustrade
bam
ban
banana
band
bandanna
bandit
bandol
bane
bang
banist,bannist
banjo
bank
banks
banns
banquet
banshee
bantam
banter
bao
bap
bapt
barr,bar
barb
barbar
barbecue
barbie
barbit
bard
bare
barf
bargain
barge
bark
barley
barm
barman
barn
barnet
baro-
barque
barrack
barracuda
barrage
barred
barren
barrette
barrow
bars
barter
bas-
bas
basalt
base,baso-,-base,basi-
bash
basic
basil
bask
basket
basque
bass
bassoon
bast
bastard
baste
bat
batch
bath,bathe,-bath
-batics
batik
baton
battalion
batten
batter
battery
battle
bauble
baud
baulk
baux
bawdy
bawl
bay
bayonet
bayou
bazaar
bazooka
bbc
bbq
bcc
-be
be-
be
beach
beacon
bead
beagle
beak
beam
bean
bear
beard
bease
beast
beat
beati
beau
beaut
beaver
bebop
bec-
beck
become
bed
bedlam
bedouin
bedu
bee
beech
beef
beehive
been
beep
beer
beet
beetle
before
beg
began
beget
beggar
begin
begum
begun
behalf
behave
behemoth
behest
behind
behove,behoove
bei
beige
bel
bel-
belg
belgian
belie
believe,belief
bell
belle
bellhop
bellicose
belliger
bellow
ventr-,ventro-,ventri-,belly
belong
belt
ben-
ben
bench
bend
bene-,benef,benefit
benedict
benelux
beng
benign
bent
benz-
bequeath
-ber
ber
bereft
beret
-berg
berg
beriberi
berk,burk
berry
berserk
bert
berth
beryl,beryl-,beryl
beseech
beset
beside
besides
besiege
best
besti
bestow
bet
beta
betel
beth
betide
betray
better
btw,between
bevel
beverage,bever
bevvy
bevy
bewail
beyond
bhutan
bi
bi-,binom
bian
bias
bib
bible,biblio-
bibul
bick
bid
bide
bidet
bie
bier
biff
big
bigam
bight
bigot
bijou
bike
bikini
bil,bil-
bile
bilge
bilk
bill
billiard
milliard,billion
billy
bimbo
bin,bin-
bind
bing
bio-,bio
bio-
bir
birch
bird
biretta
biro
birth
bis-
biscuit
bishop
bismuth
bison
bisque
bistro
bit
bitch
bite
bitter
bivouac
biz
bizarre,bizare
blab
black
bladder
blade
blag
blah
blake
blame
blank,blanc
bland
blanket
blare
blarney
blase
blaspheme
blast
blasto-,blastu
blat
blather
blaze
-ble
bleach
bleak
bleary
bleat
bleed
bleep
stain,blemish
blend
blephar-,blepharo-
bless
blether
blew
blight
blimey
blimp
blind
blink
blip
bliss
blister
blithe
blitz
bloat
blob
bloc
block
blog
bloke
blonde,blond
blood
bloom
bloop
blot
blouse
bloviate
blow
blown
blub
bludge
blue
bluff
blunder
blunt
blurb
blurt
blush
bluster
bo-
bo
boa
boar
board
boast
-boat
boat
bob
bobbin
bobble
bobby
bobs
bod
bode
bodge
bodkin
body
bodhi,bodhis
boer
boffin
bog
bogey
boggle
bogie
bogus
bohemian
boho
bohr
boil
boister
bold
bole
boll
bollock
bologna
boloney
bolshevik
bolshie
bolster
bolt
bomb
bon
bon-
bonanza
bonce
bond
bone
boner
bong
bonk
bonn
bonnet
bonny,bonnie
bonus
bony
boo
boob
booger
boogeyman
boogie
boohoo
book
boom
boon
boor
boost
boot
booth
booze
bop
bor-,boron
bora
bora-,boron
borax
bordello
border
bore
borg
borne,born
borow
borrow
borstal
bos
bosh
bosom
boss
bossa
boston
bosun
bot
botan
botch
both
bother
bottle
bottom
botul
bou
boudoir
bouffant
bought
bouillo-,bouilli-,bouilla-
bounce
bount
bouquet
bour
bout
bouy
bov
bow
bowel,intestine
bowl
box
boy
boycott,boycot
bra
brace
brachi-,brachio-
brachy-
brack
bracket
bract
brad
brady-,brady
brag
brain
braille
encephal-,encephalo-,brain
brake
branch
brand
brant
brash
brass
brat
brave
bravo
bravura
brawl
brawn
bray
braz
brazil
breach
bread
break
breakfast
breast
breathe,breath
breech
breed
breeze
brel
breth
breve
brew
bri
brial
bribe
brick
bride
bridge
brief
brig
bright
bril
brill
brilli
brim
brin
bring
brink
brio
bris
volante,spry,brisk
bristle
brit
britain,england,angl,england,anglo-
bro
bro-
broach
broad
brog
broil
broke
broker,brokor
brom-,brom
bronch-,bronchi-,bronch
bronze
brood
brook
broom
brother
brought
brow
brown
browse
bruce
bruh
bruise
brum
brunch
brussel,brusel
brush
brusque
brutal
brute
bu-
bu
bub
bubble
bucc-,bucco-,bucc
buck
bud
buddah,buddh-,buddh
buddha
buddy
budge
budget
bue
buff
buffalo
buffetbum
buffoom
bug
build
bul-,bul
bulb
bulgar
bulge
bulim
bulk
bull
bullet
hector,bully,ballyrag
bulrush
bulwark
bum
bumble
bumf
bump
bumpkin
bumpt
bun
bundle
bunch
bung
bungalow
bungle
bunk
buoy
bur
burb
burble
burden
buret,burette
burg
burger
burgh
burgl
burglar,burgle
burl
burlap
burlesque
burly
burn
bureau,-buro
burp
burr
burro
burrow
burse,burso-
burst
bury
bus
bush
business
busk
buss
bust
busy
but-
but
butch
butcher
butler
butter
button
buxom
buy
buzz
by
bye
bypass
byre
byte
c
ca
cab
cabana
cabbie,cabby
cabin
cabinet
cable
cad
cadm
cadre
caecilian
cael
caes,caesee,ces
caesur,cease
cafe
cag
cai
caj
cajole,coax
cajon
cajun
cake
cal
-cal
calam
calc,calci-
calcul
caldron
cale-
calendar
callipyg
calibre,caliber,cali
calif
californ
california
caliph,khalif
calix
calk
call
callos,callo
callow
calm
calor,calor-,-calorie
calomel
calumniate,libel,slander
calve
calvin
cam
camb
cambric
came
camel
camera
cameral
cami
camouflage
camp
campaign
campus
can
canad
cancel
cancer
candid
candle
cang
canoe
canopus
canopy
cant
canteen,refectory
canth,canth-,cantho-
canto-,canton
canvas
canvass
cao
cap
capable
capaci,capacit
mant,mantle,cape
mantel
caper
capill-
capit
capit-
capitol
cappucino,cappuccino
capsule
capt
caption
caput,head
car
carn
cara-,cara
-cara
caramel
carat
carav
carb,carbo-,carb-,carbon-,carbon
carbam,carbam-
carbo-
carbon
carcin-
card
cardan
cardi-,cardio-,cardi,heart,cardia-,-cardia
cardin
-care|+c
care
career
carp
carpel
carpal
carpet
carpent
carry
carrion,sphacelus
cart
cartilage
caricat
carve
carol
carot
carous
carousel
casa
cascade
case
cash
cashew
casino
cask
cast
geld,castrate
casu
casualty
feline,cat,kitten
kata-,cata-,katab
cat
catalog
cataly
catapillar
catch
category
cater
cathect,cathex
cathode
cathedra
cathol,catho-,cath
cato
caucus
caud
caught
cauli-
cauli
cause
caut
cauter
caval
cave,cavern
caveat
cavort
caw
cc
cd,-cd
-ce,-se|+d|.
ceas
cease
cec,caec,typhl-,typhl
cede,sede
cedilla
ceil
ceilidh
cel
cele-
-cele
celeb,celebr
sky,celest
cell
cello
cemetery
cement
cen
census
censor
centi-,cent-,centum,cent,-cent
centre,centr,center
-centesis
chilopod,centipede
ceo
cep
cephal-,cephalo-,head
-cephalus
cer-
-cera
ceram
cerat-,cerato-
-cerca
cereb-,cerebr-,cerebro-,cereb,cerebr
cere
cereal
cerebell-,cerebello-
ceremon
ceri
cert
cervic-,cerv,cervo-
cesar
tax
cess,cess-
cet-
-ich,-ch
cha
chai
chain
chair
chal
chalk
challenge
chamber
champ
chan
chance
change
channel
chant
chao
chap
chapter,chapt
char
character
charge
charit
charm
charism,charismat
chart
chary
chase
chat
-che
che
cheap
check,cheque
cheek
cheer
cheese
chef
cheil-
chir-,cheir-
-chell
chem-,chemi-,chemic-,chemico-,chem,chemic
cher
chern
chen
cheng
chess
chest
cheung
chev
chew
chi
chia
chiang
chiao
chicago
chick
chide
chief
chien
chih
-chik
child
chile,chili,chilli
chill
chim
chin
sino-,china
china
ching
chink
chip
chiu
chloe
chlor,chlor-
chlor-,chloro-
cho
chock
choco
choice
choir
choke
chol-,chole-
chole
cholecyst-,cholecysto-
cholesterol
chondrio-,chondro-
chong
choose
chord
chore,choro-,choro
chorus
chose
chou
chow
choy
chris
christ
chro,chrom-,chromato-,chromat,chromat-,chroma
chrome
chron
chrys-,chryso-
chute
chu
chuan
chuang
chuck
chueh
chuen
chun
chunk
chung
chur
church
chyle,chylo-
chyme,chymo-
ci-
-cia,-ia,-mia
cian
-cide,-icide,icide,cide
-icide|+e
cigar
cili-,cil
cin
cine,cine-
circ,circle,cyc-
circ,circum-
circuit
circum-
cis-
cite
-citis,-it is|+x|.
city
civil
cl,cl-
claim
claire
clam
clamour,clamor
clank
clap
clare
clark
clash
class
clast
clause
clavicle,clavicul,clavicul-,clavico-
clave
clay
-cle
-kle,-cle
-cle,-le
clean,cleanse,mundify
clear
cleat
cleave
cler,clerk,clerg
clever
click
client
cliff,precipice
clim
climb
clino-,clin-,clin
cling
clinic
clip
clitor
clone
clock
clonk
close
closet
clostr-
cloth
clothe
cloud
clown
club
clude
clue
clunk
cluster
clut
clutch
clutter
clyde
cm
cnet
co
co-
com-,con-
cohere,cohes
cohort
comic
coach
coal
coapt
coalesce,coalit
coarse
coast
coat
-coat
cobalt
coca
coccus
coch
cock
cod
code
coel,coel-
coerce
coffee
cogn
cognom
coif
coil
coit
coin,specie
col
col-
colo-,colono-
coloss
colostrum
cola
cold
cole
collapse
collar
colleague,colleag
collect
college
colloqu,colloq
collo-,collo
colomb
colon
color,colour
colp-,colpo-,colp,vagin
colt
column
com-
com
com-,con-
comb
combine
come
comed
comet
comfort
comm
command
comment
commerce
commiss
commit
common
communic,comms
commun
commute
compat,-compat
compact
companion
company
compare
compel
summary,compendium
compens
compete
compl
complain
complete
complement
composite,compo
compon
compose
composure
compote
compound
comprehend,comprehens
compress
compromise
comprise,consist
compuls,compul
comp
compute
computer
comrade
con-
cone
concede
concentrate
concept
concern
concert
conclude
condemn
condition
condom
conduce
conduct
confer
confess
confide
confine
#confisc
fisc
conflu
confuse
cong
congeal,coagul
congratulate,congrat,congradulate,congrats
congreg
congress
connect
connote,imply
conquer
esthesio-,consci
conscript
consecr
consent
conserve
consider
consign
console
consort
conspicu
conspire
const
constable,police,constabul
constipate
constitute,constitu
construe
consul
consult
consume
cont-,cont
contact
contain
contemn
contemp,contempor,coeval,coetane
contempt
contemplate,ponder
contend
content
contest
context
contin
continue
contra-,counter-
contra
contra-
contract
contradict
contrast
contribute
contrive
control
controverse
riddle,conundrum
converse
convert
convene
conveni
convent
convention
converge
convey
convict
convince
coo
cook
cool
cop
cope
coper
copper
copy
cor-
cord
cord-,cordi-
core
corn,corne
corner,nook
cornu-
coron-,corono-,corona,corona-
coronet,garland,wreath
corp
corpor
corpus-
correct,corrig
correspond
corrode
corrupt
cortic-,cortico-
cuz,cos,coz
cosmet
cosmo-,cosmic
cosmopol
cost
cost-
costume
costa,costo-,costal
cosy,cozy
cotton
cou-,cou
couch
cough
could
council
counsel
count
counter-
country
county
couple
courage
course
court
cousin
cove
covent
cover
covet
cow
cower
cowl
cox-,cox
cpu
cr-
-cra
crab
crack
crackle
-ocracy,-cracy
cradle
craft
-craft
craig
cram
crane
crani-,cranio-
crank
cranny
coign
crap
crash
-crat
crave
craw
crawl
craze
crazy
cre-
creak
cream
crease
create
credit,cred
creed
creek
creep
creme
crepe
crept
crete
crevasse
crew
crib
crick
crik
crim,crime
crimp
crimson
crin
cringe
cringle
-crine
crinkle
cripes,christ
cripple
crisis
criss
crist
crisp
crit,criti,critic
criteri
croach
croat
croc,croco-
crochet
crock
crocod
croft
-cron
crop
crone
crony
cross,cross-
crotch
crouch
croup
crow
crowd,throng
crown
crook,crook-
croon
cruci
crucial
crucy
crud
crude
cruel
cruise
crumb
crunch
crush
crux
cruz
cry
cryo-,cryon,cryol
crypt-,crypto-,crypt,crypto-
crystal
cteno-
-ctic,-ic|+xy
cto
ctrl
cua-
cub
cuba
cube
cuc
cud
cuff
cui
-cule
cull
culm
culpr,culp
cult,cultiv,culture
cumber
cum,-cum,cum-
cumul
cun
cune
cup
cur,cur-,-cur
curd,curdle
curb,kerb
curcuit
cure
curet
curfew
curia
curi,curios,curi-
current
currency
curry
currant
curric,curricul
curse
curve
-cus
cushion
cust
cut
cutane-,cutane
-cy
cy-
-cy,-zy|+t
cyan,cyan-,cyano-
cyber,cyber-
cycle,cyc-,cycl-,cyclo-
cyl,cylinder,cylind
cyn,cyn-
cynic
cynosure
cyph-,cypho-,cyph,cypher,cipher,cypher-
cyril
cyst,cyst-
-cyst
cyst-,cysto-,cyst-,cysti-
-cyte,cyto,-cyte
czech
d
da
dacry-,dacryo-,lachrym,lachrym-,lachrymo-,lachrymo,lacrim,lacrimo,lacrim-,lacrimo-
dactyl-,dactylo-,-dactyl,-dactylo,dactyl,dactylo
dad
-dae
dae
dai
daint
dakota
dal-,dal
dally
dam
damage,lesion
damn
damp
dan
dandruff,scurf
dance
dang
danger
daniel
danish
dar-
dare
dark,scoto-,scoto
darling
das-
dash
dastard
dat
datum,data
date
daughter
daunt
dave
david
davis
davit
dawdle
dawn
-iday,-day|+y|.
day,-day
dazzle
dc
de-
de
deacon
dead
deadline
deaf
deal
dean
dear
death
debate
debrief
debris
debt
debut
decem,dec,dec-,decen
dec,dec-,deca-,decim
decade
decay
decept,deceit
deceive
decent
decide
deck
declare
decline
decor
decorate
decrease,decrem
decree
dedicate
deep
deer
default
defeat
defect
defend
defer
defici,defici-
deficit
define
definite
defy
degree
i-
del
delay
deleg
delete
delic
delight
deliver
dell
delta
deluge,diluv
demand
hemi-,semi-,demi-
demo-
demonstr,demo
demon,daemon
lair,den
laird
deng
dense
odont-,odonto-,tooth,dent-,dent
deny
dept,depart
deposit
depend
deploy
deprive
depute
der
derange
derek
scorn,deride,scoff,jeer,ridicule,flout,derise,ridicul
derive
derm
-derm
dermat-,dermato-,derm-,dermo-,dermo
desc
describe
descript
desert
deserve
design
desire
desolate
-desis
desk
desktop
desper
despite
despise,disdain
dessert
destroy
destruct
det
detach
detail
detect
deterior
deterge
determ
determine
detriment
deut-,deuter-,deutero-,deuter,second
deutsch
dev
devastate
develop
devi
device
devil
devote
dex
dexter
dextr-,dextro-
-dez
-dhi
di-
dia
dia-
diary
diast
diaspora
diagnose,diagnost
diamond
dial
dialect
diao
dice
dick
dict
did
didym
die
diego
diet
dif-
differ
difficult
dig
digest
digit,digi,digi-,digit-
dign
dil
dilate,dilato-
dilate
dilute,dilu
dimin,diminu,dim
dimension
dine
ding
dinosaur
diocese
diop-,diopt,dioptr,diops,diopto-
dioram
dip
diplo-,diplomat
diplo-
-dipsia
dir
direct
dirt
dis-,dys-
disappoint
disaster,disastr
disc,disk
discover
disco
discern
discipline
discount
discriminate,discrimin
discuss
disease
disgust
dish
dismal
dismiss
disobey
disperse
display
dispose
dispute
dist
distil,distill
distinct
distraught
distress
distribute
district
disturb
dith,dith-
ditch
diurn
dive
diverse
divert
diverticul
divide
divine
divorce
diwu
dix
diz
-dle|+d
dna
dns
do
doat
doc,docu-
doctrine
dock
dodge
dog,dog
doh
-dol,-ol,-ole,ole
dole
dolphin
-dom
domain
domest
dome
domin
don,-don
donal
donate
done
dong
donut,doughnut
dooms,doom
door
dopey
-dor
dore
dork
dorm
dors-,dorso-,dors-,dorsi-
dorse
dose
dot
dotria-
dou
double
doubt
dough
dow
down,-down
dox
doy
dozen
dr
-dra,-ra
draught,draft
drag
drape
drastic
drama
draw
dream
dress
drew
drift
drill
drink
drip
drive
-dro
droit
drome
dromo-
drone
droop
drop
drove
drug
drum
dry
du
dual
duan
dub
dubn
duce
-duce
duck
duct,-duct,duct-
due
duet
duke
-dul
-dum
dump
dun
dung
dunk
duo-,duo
duodeno-,duoden
duplic
dure
dust
dut
dutch
duty
dvd
dwarf
dwine,dwindle
dwell
dwy
dy-
dye
dynam
dynam-,dynamo-,dynam
dynast
-dynia
dys-
dysarthr
dyspro
décor
-e
ex-,e-
e
e-
each
eager
eagle
-eam
-ean
ear
earl
early
earn
earnest
geo-,earth
ease
micky,mickey
mickle,much
east
eat
-eau
-eb
ebay
ec-,eco-,eco
eccles
echo
-eck
eclip,eclipse
econ,econom
-ect,ect
ect-,ecto-,extern-,extern,exo-,ecto-
ecsta
ectop
extra-,extro-
-ectomy,ectomy,otomy,-otomy|+e
-ied,-ed|+y|.
-ed,-d|+e
eddie
eddy
edge
edify,teach
edit
edu,educ,pedagogue,pedagog
-edy,-ty
-ee
eel
-eer
ef-,ex-
-ef
effect
effic
effort
eg
egg
ego
egreg
egypt
eid,eid-,eido-
eight
einstein
eire
eis
either
el-
-el
elaborate
elast
elate
eld,elder
elect
electr-,electro-,electrol
elem
eleg
elephant
elevate,elev
eleven
elf
elicit
elide
eligible
elimin
elite
eliza
ellip
else
em-,em,en-
-eme
emane
emb
embarrass
embed
emblem
embrace
embryo,embryo-
emerge
emit
emissary,envoy
emma
emote
emp
emphas
employ
emprise,venture
empty
emule
emul,emuls,emulg
en-
-en,-n|+e
enamel
enantio-,enanto-,enanito-,oppose
-ence|+e
-ience,-ence|+e
-rency,-ency|+er|.
-ency|+e
end
-end
endeav
endeavour,endeavor
ended
endem
endo-
endure
-ene
enema
enemy,foe
energ,energy
engl,eng
engage
engine
enhance
enjoy
enorm
enough,nuff
inquire,enquire
enroll,enrol
-rent,-ent|+er|.
-ent|+e
-ient,-ent|+e
enter
enter-,entero-
enterprise
entertain
enthuse
entire
entity
entomo-
entre
entry
enunciate
environ
envy
-eo
eosin-,eosino-
-ious,-ous,-tious,-eous,-uous
-eous|+e
ep-,ep,epi-
epidem,epidem-,epidemi-
epiced
epicene
epicure
episi-,episio-
episc,episcope
epist
epistem
episode
epit
epsilon
equ
equal,equi-,equiv,egal,tantamount
equip
-er,-mer,-pter,-ner|+e
er
-er,-ister,-ster,-ter,-ther
-or,-er|+e
-ter,-er|+e
era
erase
-ure,-erature|+e
erb
erect
eric
ern
-ern
erode
erron-,error,erran-,erran,erron,error,err
errat
erist
erin
-erse
erupt
erythr-,erythro-,erythr,red
-ves,-es|+f|.
-ies,-es,-s|+y|.
-es,-s|+e
-esce|+e
esc
eschat
escale
escape
escort
-ese
esl
oeso-,eso-
esp
espi,espy
espl
esprit
-esque
essay
esse
-est|+e
-est
-iest,-est|+y|.
establish,estab
estate
esthe-
estim
estiv
oestr,estr
esotr
esoter
-et
etc
etern
eth-,eth
etho
ethe
ether
ethic
ethn,ethn-,ethno-
-ette|+e
-ty,-ity
#-ety,-ty,-ity
etym,etym-,etymo-
eu-
euphori-,euphor,elate
eulog
-ium,-eum,-rium|+y,+e
eur
europe
ev-
evaluate,eval
evan,evang
eve
even
event
ever
every
evid
evit
louche,evil
evolute
evolve
ex-
-ex
exact
exam
exagger
examine,peruse
exemple,example
exceed
excel
except
excerpt
excess
excite
excuse
exeat
execute
exert
exercise
exhaust
exhort
exhume
exhibit
exist
exo-
exoter
exot
expand
exponent
expect
expede
ouster,oust,expel
expense
experi
expert,maven
explain
explode
explore
exploit
expose
express
expulse
exquisite
ext-,ext
extend
extent
extern
extra-,extra
extradite
extreme
oculo-,ocul-,eye,oculus
-ez
f
-f|+ve
fa,-fa
fab,fable,fabul,fabul-
fabric
face,-face
facebook
facile
fact
factor
facul
fade
feces,faeces
fail
faint
fair
troth,faith
fake
fall
false
falt
fame
familiar
family
fan
fancy
fang
fans
faq
far
fare
farm
fart
fasc,fasci,fasci-
fascinate
fashion,fad,-fashion
fast
fastidious
fastigiate
fastigi
fat
fatal
fate
father
fatigue
faught
faun
fault
faux
fave
favour,favor
fax
fbi
fe
fear
fease
feat
feather,feather-
feature
feb,february
fect
fecule
fecund
fed
fee
feed
feel
feet
fei
fel-,fel
fell
fellow
felon
felt
femi-,fem,femin,female,femal
thely-
femur,femor
femto-
fen
fend
fence
fenestr,fenest,fenestr-,fenestro-
feng
fer,-fer,fer-
fertile
ferule
ferd
ferm
ferv
iron,ferro-
ferry
festival
fest,-fest
fester
feas
feast
feasance
fet,foet
feta
fetch
fetid,foetid
feud
fever
few
fib
fiber,fibre,fibr-,fibro-,fibros
-fic,-ic
fickle
fict
ficus
fid
field
fierce
five,fif
fifa
fig
fight
figure
fil-
fila,filum
file
fili
fill
film
filter,filtr
fin
final
finance
find
fine
fing,fling
finger
finish
finite
fire
firm
first
fish
fist
fit
fitz
fix
fizz
flag
flake
flame
flank
flap
flash
flat
flate
flatter
flaunt
flav-,flavo,flav,yellow
flavor,flavour,-flavour,-flavor
flaw
flax
flay,peel,flench,flense
flea
fleam
flee
fleet
flem
flesh
fletch
flew
flex
flick
flict
flight
flim
flind
flinch
flirt
float
flock
flood
floor
flop
flower,flor,-flower
florida
flour
flow
flu
fluff
fluid
fluke
flume
flummox,perplex
flump
flunk
fluctu
fluor-,fluoro-,fluor
flush
flute
flux
fly
fo
foam
foc
focus
fog
-fold
fold
-folk,folk
follow
follicul-,follicul,follicle,folli
foli,leaf
fon
font
fove
sito-,food
food
goof,fool,twit
foot
for
foramen,foramin
forasmuch,since
foray,raid
forbid
force
ford
fore-,fore
forens
foreign
forest,silvi-
forever
forfeit
forget
forgive
forlese
form
-form
formal
format
former
forms
forsake
fort
fortnight
forth
fortune
forum
forward
foss,fosse
fossa
foster
fought
found
fount
four
fox
fra
fratern
fract,-fract,fract-,frag,mammock
frame
fran,fren
franc
france
frank
fraud
fraught
frd,friend
freak
fred
free,-free
freeze
fret
freight
french
fren
frenz,frenet
freq,frequ
fresh
fri
fric
fright
frill,hem
fringe
frit
frog
from
front-,front
fronze
frost
frown
froze
fruit
frust
frug
fry
-ft
fu
fuck
fud
fuel
refuge,fugit
-ful
pivot,fulcrum
fulfill,fulfil
fulg
fug
full
fun
func
fund
fundament
funer
fung
funk
fur
furc
furi
furn,furnit
fury,furor,furore
fuse
fuss
future
-ify,-fy|+y
-fy,-ify
g
-ga
gat
gab
gad
gado
gael
gag
gage
gai
gain
gainsay
gal
galact-,galacto-,galact,milk
galaxy
galv,galvan,galvano-
gall
gally
gallery
gamble
game
gamete,gameto-
gamic,-gamous,gamous
gamma
gammon
gan
gang
gao
jail,gaol
gap
gar
garage
garb
garbage
garble
gard
gare
garlic
garment
garnit,garni
gart
gary
gas
gash
gastr-,gastro-,gastr,stomach
gate
gather
gauge
gaul
gaunt
gauntlet
gay
gaze
-ge
gear
geek
geese
gem
-gen
gen
gender
gene,geno-,geno,-gene
gener
general
geng
genre
gentle,gentle-
genu-,genu,knee
georg
george
ger,-er
germ,germi-
german
geront-,geronto
gest
geste
get
gets
-geusia
-gh
ghost
ghoul
giant
gib
gift
gig
giggle
gil
gill
shmick,gimick,gimmick
gin
ginger
gingiv-
-gio|+ge,+gy
gio
gird
girl
gist,precis
git
giu
give
glaci
glad
glance
glare
glas
glass
glauc-,glauco-,glauc
-gle
gleam
glee
glide
glim
glimpse
glitter
glob
globe
glor
gloss-,glosso-,glotto-,gloss
glosso-,gloss
glott
glove
glow
gluco-,glucose,glucos,gluco
glue
glyc-
glyc-,glyco-
gmina
gmt
gnath,gnath-
gnath-,gnatho-
-gnosis
go
goal
goat
god
goggle
gold
golf
gom
gono-,gonado
-gon
gone
gong
good
google
gor
gordon
gos
gospel
gossip
got
goth
gou
govern
gow
gown
gpu
grab
grace
grad
grade
-grader
gradu
graffiti
graft
graham
grail
grain
gram
-gram,-gramme
grammat,grammar,gramar
gran
grand
grant
-graph,graph,grapho-,grapho
graphite
grape
grapple
grass
grasp
grate
grave
grey,grizz,gray
graze
great
grec
greece
greek
green
greet
greg
grenad
grenadi,grenade
grew
gress
grial
grief
griev
grid
grim
grin
-grin
grind
grip
gro
grocery
groom
grot
ground
group
grow
growth
grudge
gu
guan
guang
guarant,guar
guard
-gue
guess
guest
gui
guide
guild
guile
guilt
guin
-guish,-ish|+ct
guitar
-guity,-ity
gulf
gun
guo
-gus
gush,spurt
gut
guy
gym,gymn
gyne,gyn
gyno-,gynaeco-,gyneco-,gynec,gynaec,gynaec-
gyp
gyr-,gyro-,gyro,gyr
gzip
h
-h
ha,ha-,-ha
habit
hack
had
he,he-
hec
heck
heckle
hectic
hect-,hecto-,hect
hector
hemo-,haemo-,hemat-,hemato-,haemat-,haemato-,haem-,heme-,hem-,hemo,haem,haemo
hafn
hagen
hai
hail
hair
hal-,halo-
-hal
halcyon
hale
half,halve
hall
halluc-,halluc
halt
ham
hamilton
hamp
hamper
han
hand
handle
hang
hao
happen
happy
har
harb
harbour,harbor
hard
hardly
harm
harmon
harold
harp
harris
hart
harvard
harvest
has
hash
hass
hat
hatch
hate,hatr
haul
haust
hav,have
hawk
hay
hazard
hazel
he
hea
-head
heal,-heal
heap
hear
heart
heat
heath
heathen
heave
heaven
heavy
hebrew
hedge
hedr
heel
heep
hefty,large
hei
height
hein
heir
heist
held
heli-,helio-,heli,heliac
helic-,helico-
hell,perdition
hello
helm
-helminth,helminth
help
hema-,hemo-
hemangi,hemangio-
hemi-
hen
hence
heng
hepat-,hepatic-,hepatico-,hepat,liver
hept-,hepta-
hepta-
her
herald
herb
herd
here
inherit,heredit
inhibit
herit
herm
hermet
hermaphrod
hermeneut
hermit
hern
hero
hesit
het
heter-,hetero-,heter
heurist
hew
hex-,hexa-,hex
hey
hi
hic
hick
hide
hidr-,hidro-
hier-
hierarch
high,-high
hil
hill
him
hin
hind
hinder
hindi
hip
hire
his
spain,hispan
hiss
hist
hist-,histo-,histio-,histo
histam
history
hit
hive
ho
hoax
hob
hockey
hoe
hog
-hol
hol
hold
hole
holly
holm
holy
home
homo-,homeo-,homoeo-,homo
homil
homi
hon
probity,honest
honey
hong
honor,honour
-hoo
-hood
hood
hook
hoop
hooligan
hoove
hop
hope
horo,horologe
horizon
hormone
horn
horr,ghast
horse
horst
hosp,hospit
host
hot
hortat,exhort
hotel
horti,horti-,garden
hou
hound
hour,-hour
-house,house
houston
how
nevertheless,however,nonetheless
-hr
hsi
hsia
hsiang
hsiao
hsieh
hsien
hsin
hsing
hsu
hsuan
hsueh
hsun
html
http
hu
hua
huai
huan
huang
hub
hue
hug
huge
hugh
hugo
huh
hui
hull
hum
human
humble
humer-,humero-,humer
humi,humid,humect
humili
humour,humor
hundred
hung
hungry
hunt
huo
hurl
hurry
hurt
hus
husband
hush
husk
hustle
hut
huzza
hy-
hybrid
hydro-,hydr,hydro,hydra-,hydra
hyen
hyet,rain,hyet-,hyeto-
hyge,hygi,hygiene
hygro-,wet
hype,hype-
hyper,hyper-
hylo-
hymen
hymn,hymn-,hymno-
hyo,hyo-
hypno-,hypnot,hypno,mesmer
hyp-,hypo-,hyp
hype
hypoth,hypothe
hyster-,hystero-
-i|+e
i
-i,-ie,-y,-ty,-ey
-ia,-sia|+ium,+um,+e
-ian,-rian|+e,+y
ian
-iana
-iance,-ance|+y
-ience,-eance|+y
iatr-,iatro-,iatr,-iatr
iber
#-ic,-nic,-tic,-bic,-lic,-ric,-iac|+e,+y,+is
-ic,-iac|+e,+y,+is
-iac|+e,+y,+is
-ican|+ica
-ice,-ise|+e
ice
-icle
-id
id
-ide|+e
idea,ideo-,ideo
ideal
ident
idio-
idiot
idol
legal,iegal
-ier,-iere|+y|.
-ieth,-th|+y|.
-iety,-ty|+y|.
if
-if,-iff
-ify|+e,+i
-ig
igne,ign
ignore
il-,il
-ile|+e
ileo-,ile,ile-
-ility,-ity|+ile,+le|.
ill-,ill
ill
-ille
illus
illustr
-ulous,-ilous,-ous|+e
-ily|+y|.
im-
image,img
imbibe
-ime,ine
-iment,-ment|+y|.
imit
imitate
immedi,immed
immense
immerse
immol
immure
impact
impede
impel
imperi
imperil
impinge
implement
implode
implore
import
important
impose
imposter,impostor,impostur
impress
improve
in
-in
in-
-ina
inaugur
inc
incense
incentive
incept
incest
inch
incid
incise
income
incorporate
increase,increm
incubate
incubus
inculc
incunabulum
ind
indeed
indent
index
individual,indi-
indi
indic
indo-
induct,induce
indulge
industry
-ine,-gine,-rine,rine,-yne,yne,-tine|+i,+e
-iness|+y|.
notori,infame
inert
infant
infatu
infect
infer
infern
infest
inflect
influ
info
infra-
infringe
infundib,funnel
-ing|+e
ingenu
ingest
ingred
inocul
inoscule
inhabit
inhere
inhume
inimic
inimit
inion
iniquit
init-,init
injure,noci-
injury
inlay
inn
inner
innovate,inno-
innoc
-ino
insect
insert
insist
inspire
install
installment,instalment
instance
instant
instead
instinct
institute
instruct
instrument
insul
insult
insur
insure
int
intact
integr,integu
intelli-intelli,intellig,intellect
intend
intent
inter-
interrupt
intric
interest
interfere
interne,intern
internet
intervene
intim
into
intra-,intro-
introduce,introduct
intuit
inuit
invade
invent
investig,invest
invite
invocate
involve
-io
iod-,iod,iodo-
-sion,-ion|+de
-ption,-ion|+e,+b
-ition,-ion|+e
-ssion,-ion|+t,+de
-tion,-ion|+d
-ion|+io,+e
-unition,-ion|+o
ion
-ior,-or|+e
-iot
iota
-iour,-our|+e
-ious,-ous|+e
-ious,-ous|+y,+e
iowa
ip
ipsi-
ir-
-ir
iraq
ire
irid-,irido-,iris,irid
rainbow,iridescent
irish
-irk
-irm
-iro
iron
iroquo
irrit
irv
-is,-iz
-is|+e
is
-sis,-is|+e,+se
isa
isbn
isch-,isch,ischio-
ischno,ischn
-ize,-ise,-tise,-tize|+y
-ise|+y
-se,-ze
-ish|+e
-isk
islam
islet,eyot,isle,island
-ism,ism,-iasm|+e,+y
iso-,isosc
isolate
israel
issue
-rist,-sist,-ist,-iast|+wer|.
-ist,-tist|+e
-yst,-ist|+y|.
-it
it
itiner
itinerary,journey
ital
italy,italo-
itch
-ite|+e
item
-itious,-ous
-itis,itis|+y,+i,+e
-itive|+it
-ito,-to
-ity|+e
ivan
ive
-sitive,-ive|+re
-sive,-ive|+de
-ive|+e
-tive,-ive
-ative,-ive|+e|.
-iv
ivory
-ix
-ize
j
-ja
ja,zed,z,zee
jab
jack
jacket
jacob
jai
jake
jam
james
jan
jane
janit
jang
jao
jap
japan
jar
java
jaw
jay
jazz
jean
jeal,jealous
ject
jeep
jeff
jehovah
jekyll
jelsoft
jen
jenk
jennifer
jenny
jeopard
jer
jerk
jerry
jersey
jess
jesus,jesu
jet
jew
jewel
ji
jib
jiao
jif
jim
jin
jing
jo
job
jockey,jock
joe
john
join
joint
joke
jolly
jone
jordan
jose
jostle
joseph
journ
jove
joy
jpeg
ju
juan
jubil
juda
jude
judge,judg,judgmat
judic
jug
jui
juice
jul
july
jump
jun
junct
june
jung
jungle
junior
juniper
jupit
jurid,juris,jurisd,juri-
jury
just
k
-k
ka-
-ka
-kah
kal-
kan
kang
kao
kap
kar
karaoke
karl
karyo-,karyote
kat
kata-
katrin
keep
keith
kelly
ken
keng
kent
kept
kerat-,kerato-,kerat
kern
keto-,ket,ket-
ketchup
kettle
kevin
key
khan
-ki
kiara
kibi-,kilo-
kick
kid
kill
kilo-
kim
-kin
kin-
kind,-kind
kine-,kine,kinemat
king
kip
kiss
kit
kitchen
kite
klan
klaz
kleen
klux
kn-
-kn
knack
knee
kneel
knew
knick
knife
knight
knit
knock
knot
know
knox
knuckle
-ko
ko
koil-
kok
kol-
kong
kop
kor
koran
korea
kou
kr-
kringle
kris
kriss
krist
krypt
ku-
ku
kuai
kuan
kwang,kuang
kuei
kui
kun
kung
kuo
kurd
ky
kyph-
l
-la,-ula
-la
laboratory,lab
label
labi-,labio-,labi
labor,labour
labra
lace
lachrym-
lack
lact-,lacti-,lacto-,lact,lacto
lad
lade
lady
-lage
lai
laic
laid
lake
lam
lame
lament
lamb
lambda
lamin,lami-,lamin-,lamino-
lamp
lan
land
lane
lingu,lang,langu
lanthan
lao
laos
lap
lapar-,laparo-,lapar,celio-,celio,coeli
lapid
larva
laryng-,laryngo-,laryng
lark
las
lase
lash
last
latch
late
lateral
latero-,lateral
lath
latin
latitude
latte
latter
lau
laugh,guffaw
launch
laund
laura
lav,lavat
lava
laval
law
lawn
lawrence
lax
lay
layer
lb
-le,-ple
le
-le
lect
lead,led
leaf
league
leak
lean
leap
learn
lease
least
leather
leave
-ledge
leech
leer
leet
left
leg
legacy
legend
legisl,legis
legit,legitim
leh
lei
lei-,leio-
lem
lemon
len,length
lend
leng
lens
lent
leo
leon
lep
lepido-
lepro
-lepsis,-lepsy
lepto-,lept
lesb
-less
-iless,-less|+y|.
less
lesson
lest
-let|+le
-let
let
leth
letharg
letter
lettuce
leuco-,leuk-,leuko-,leuk
leung
level
lever
levy
lex
-ly,-ley|+le
li
liable
liaise
lian
liang
liao
lib
liber,libre
library
licence,license
lick
liquorice,licorice
lict
lie
lien
lieu
lieut
life
lift
liga
light,lite
wood,lign-,ligni-,ligni,lign
like
-like
likely
lily
lim
limb
limit
limp,claudication,hobble
-lyn,-lin
-lin
lin
lynchpin,linchpin
lind
line
-ling
ling
lingu-,lingua-,lingu-,linguo-
link
lino
lint
linux
-lio
lion
lip
lip-,lipo-
liqu
liquid
lisa,liza
liss-,lissos-
list
listen
lit
litre,liter
lith-,litho-,lith
lith-,litho-
little
liu
live
liver
lizard,lizzard
ll
llel
lloyd
lo
load
loaf
loan
lobby
lob
lobe
loc
local
lock
locust
lode
lodge
logic
log
-logue,-log
logo
logo-
logan
lon
lone
long
look
loom
loop
loose
lord
lose
loss
lost
lot
lott
lotus
lou
loud
lough
louis
lounge
louver
love
low
loyal
lt,-lt
ltd
lu
luan
luc
lucas
luck
lud,lude
ludic,ludicr
lue
luff
lug
luggage
luis
luke
lumb-,lumbo-,lumb-,lumba-,lumb
lume
lump
lunch
luna,lune,luni-
lunat,lunac
lung,lunge
luo
lusci
lust

lute
lutet
luther
loqu,loquac
lux,luster,lustr
luxur,extravag
lyme
lymp-,lymph-,lympho-,lympha-,lymph
lynch
lynx
lyric
-lysin,-lysis,-lytic
-lyte
lys-,lyso-,-lytic
-m
m
ma
-ma
mac
mach
macr-,macro-
macro-
mad
made
mag
magma,magmat
magazine,magaz
magic,gramary,gramarye
magn-,magn
magnes
mai
maid,mait
-maid
mail
main,main-
maine
mainten,maintain
maj
make
mal-
malay,mala
-malacia
male
malign
maline
mall
mamm-,mammo-,mammill-,mammillo-,mamm
mammon
mammoth
mammy
man,men,-man,-sman,-men
maniac,-maniac,mania
manic
manich
manicotti
manicure
manifest
manifold
manikin
manipulate
manage
mancip
mandarin
manoeuvre,maneuver
mangan,mangan-
mange
mangle
manner
manu-
manufact,manuf,manufac
many
mao
map
mar
marble,marmore
march
marco
mare
marge,margin
-marine
marit,marine
mark
market
marry
marsh
martin
marv
marvel
marx
mary
mas
-mas
masculine,phallo-
mash
mask
mason
mass
mmasoch
massage,,masso-
mast-,masto-,mast,breast
master,massa
masque
-mat
mat,matt
match
mate
matern,mater,matri-,hylic
materi
maths,math,mathemat
matrix
matter
mature
maw
max
maxi-,maxim
maxilla
may
mayor
mc-
-me
me
mea
meagre,meager
meal
mean
measure
meat
mechan,mech,mech-
medic,med
meddle
meek
meet
meg-,mega-,megal-,megalo-
mega-
mei
mel
melan-,melano-
melo-,melod,melody
melody
melos
melt
mem
member
meme
memento,memor,souvenir,memr
memo
men-,meno-,meno
meninge,meninx,meningo-
menisc
menstr,menstru,menses
menace
mend
mendelev
meng
mening-,meningo-,mening
-ment|+e,+y
mental,mentat
mention
mentor
menth
menu
meow
mnemon
meph,meph-
mer,-mer
mer-
merid
mercant,merchant
mercy
merch
mercur,mercury
mere
merge
merit
mes-,mes
mesh
meso-
mess
msg,message
meta-
metal
mete
meteor
-meter,-metre,metre,meter,metr,metr-,metro-,metro
-metry,metry
meth,meth-
method
mew
mexic,mexico-,mexico
mg
mi
miao
mic
michael
mickle,much
micr-,micro-,micro
mid,mid-,middle
mida
mie
might
mighty
migr
mik
mike
mil
mild
mile
milit
milk
mill
milli-,millen,milli,mille-,million,millesim
milline
milliner
min
minne-
minac
mind
mine
mineral
mini,mini-,minim
minist
minute
miracle
mirage
mirror
mis-
miscellane,misc
miss
missile
mission
missouri
mite
mix
mo
moan,groan
moat
mobile,motile,mobil
mock
mod
mode
model
modern
modest
moist
mold,mould
mole
mollusk,mollusc
molotov
molt,moult
moly
molybd
mum,mom
moment
mono-,mon-
-mon
-mond
money,monet
mong
monger,-monger
monit
monk
mono-
monster
mont
month
monument
-mony
moo
mood
seleno-,moon
moon
moov
moqi
mor
moral
mord
more
-more
mores
morgan
mori-
moribund
morigerate
morning,morn
morph
morph-,morpho-
mort
mortu,mortic,mortal
mortgage
mos
mosaic
-most
most
mot
mote
motion
moth
mother
motive
motor
mou
mount
mound
mount
mouse
mustache,moustache
mouth
move
movie
mow
mr
mrs
ms
msn
mu
mud
mug
plur,pluri-,multi-
multi-
multi
multiply
mump
munic,municip,municipal
mund
mur
murder
murmur
murphy
murray
muscle,muscul-,musculo-,muscul
myo-,muscle,myo,myot
myotic
muscov
muse
museum
musik,music
muslem,muslim
must
mut
mutate
mute
mutu
my
myc-,myco-,fungus,myc
myel-,myelo-,myel
myl-,mylo-,myl
myr
myri-,myri
myria-,myrio-,myria
myring-,myringo-,myring
myrtle
myst,mystery,myster
myth
myx-,myxo-
n
not,n't
-na
na
nai
nail,-nail
naive
nake
nam
name
nano-,nano
nao
nap
napht,napht-,naphth
narc-,narco-,narc,narciss
-nard
narrat
nas-,nas
nas-,naso-
nastic
nasty
nash
natal
nathan
nation
native
natter
nature
naughty
-naut,naut
navi,navy,nav
umbilic-,navel
navig
nay
nazi
ncaa
-nd
-ne
neanderthal,primitive
near
-neath,neath
neb
necess
neck,scruff
necr-,necro-
nect
need
neg
neglig,negl,neglect
negoti
neighbor,neighbour
neil
neither
-nel|+n
nel
nem
neo-,neo
nema-,nemat,nemath,nemato-
nepal
nephew
nephr-,nephro-,nephr
neptune
nerve,nervo-,nervi-,nerv-
nerd
nesc
-ness|+e
nest
net,-net
network
nether
neur,neur-,neuro-
neur-,neuri-,neur-,neuro-
nev
never
new
news
next
-ney
ng
ni
nian
nice
nick,nick-
nickel
nicot
nie
niece
nieh
nien
nig
niger
night,nycti-,nyctal
-nik
nik-
nil
quick,nimble
nin
nine
ning
niob
nip
nipple
niu
no
nob
nobel
noble
noci-,nocu,nocu-
nod
node
noise
nok
nom
-nom|+n
-nom
nomad
normal,nomal,normo-
nomine
non-
nona,nona-
none
nong
noodle
noon
nor
north
norw,norway,norweg
nose,nostr
nost,nost-
noso-,disease,noso
notar
notate
notch
note
notice
notify
notion
noun
nounce
nourish
nouv
nov,novem
nova
novel
now
nox
tox,tox-,noxi,toxic
nub
nucle,nucle-,nucleo-
nuclear
nude,-nudi
nudge
nugget
number,numer,num,enumer
numis,numism,currency
nun
nung
nurse
nut
nutri
nylon
nympho,nympho-
ob-,o-,oc-,op-
obama
-o|+e
o
o-
-oak
oak
oath
obey,obedi
obj,object
oblige,oblig
obliv
obolus,obol
obscure
obsequ,obsequy
observe
obsess
obst,obstr
obstet
obv
obvious
occas
occlude
occupy,occup
occid,west
occur
ocean
-och
-ock
-ocrat,crat,-crat
oct-,octa-,octo-,octo
october
odd
odds
odor,odour
odyn-,odyno-,pain
oeno-,oen-
of,-of,of-
off
offense
offer
office
offset
-oft,oft
often
oh
ohio
-oid|+o
oil
-oir
ok
okay
oklahoma
ol-
-ola|+e
old
-olf
smell,olfact
olig-,oligo-
olive
oliver
-olog,-siolog,-ologue,olog|+o
olog|+o
olute
olymp
-om
om-,omo-
-oma,-omata
ome
omelet,omelette
omit
omni-
omphal-,omphalo-,omphal,omphalo
on,on-
-on
once
oncho-
onco-
-one
one
-onic
onion
only
nom,-onom,onom
ontario
onto
onych-,onycho-
-onym,-nym,onym

oo-
-oodle
-oon
oophor-,oophoro-
oops
-oose
ooze
op-
opac
open
oper
operate
ophthalm-,ophthalmo-
ophthalmo-
opi,opio-
vis,-opia
-opia|+o
opinion,opine
opistho-
oppon
opportune
oppose
oppress
-opsy
opt
optic-,optico-
optim
or
our
ouistiti,marmoset
-our,-or,-tor,-ttor
oro-,oro
orange
orb
orbit
orchi-,orchio-,orchid-,orchido-,orch-,orcho-
ord,order
ordin
ore
oral
orate
org
organ
orient
origin,orig
ornitho-,bird,ornith-,ornith
ornament
orph
orphan
-ort
orth-,ortho-,orth,ortho
orthopaed,orthopaed-,orthoped,orthoped-
os-,oste-,osteo-,osteo
oscar
-ose
-oses
-osh
-osis
osm
osse-
ossi-
ost-,oste-,oste-,osteo-
ot
-ot
ot-,oto-
-tote,-ote
other
otic
otiose
ought
-oule
our
-ourg
-ous,-ious,-ulous|+e
-ious|+y
out-,out
out
outlet
outro
ovo-,ovi-,ovi,ov-,ovul,ovalo-,ovo,ov,-ovo
ovation
oven
over,-over
owe
owl
own
oxal,oxa-
ox,ox-
oxford
-oxide,oxide
oxo-,oxo
oxy-,oxy
oyster
oz
p
pa
pace
pachy-
pack
pact
pad
pagan
page
pai
paid
pain
paint
pair
pail,bucket
pajamas,pyjamas
pak
pakin
-pal
pal
palate
pale
palimony
pallad
palm
palpebr-
pan
pan-,pant-,panto-,pano-,pano
pand
pane
pang
panick,panic
pant
pant-
pao
paper
papal
papill-
papul-,papulo-
par
par-
-parous
para-,para
paragraph
paradigm
paradox
parallel
paralyse,paralyze
parano
pardon
parent
pare,-pare,pare-
parish
parot
parod
park
parl
parlia
parlor,parlour
parochi
parsi
part,tranche
partake
particip
particle
particul
party
parvenu
parvo-
pass
passion
past
paste
pat
patent
patch
path
path-,patho-,patho
-pathy,pathet,pathy
patience
patri-,patri
patrol
patron
pattern
pauci-
paul
pause
pave
paw
pax
pay
pc
pdf
pe
pea
peace
peach
peak
pearl
peasant
peb
-pect
pecc
pector-,pector
peculi
ped-,pedo-,paedo,paedo-,paed
pee
peek
peel
peep
peer
peg
pei
pek
pel,-pel
pelago
pelv-,pelvi-,pelv-,pelvo-
pen
penal
penit
pend
peng
penguin
-penia
penta-,pent-
penis,phall-
peo-
people
pep
pepper
-pepsia
pept
per,per-
per-
perceive
percept,percipi-,percipi
perch
percuss
percolate
perfect
perform
perforate
perhap,perhaps
peri-,peri
period
periost
perish
periton
perman,perm,perm-
permit
perpend
perpet
perse
perplex
persist
person
perspect
perspex
persu
persuade
pertain
pertine
pertinace
pert
perturb
pervade,pervase
perverse
pervert
pervi
pes
pessim
pest
pet
peta-
petal
peter
petri,petri-
pew
-pexy
-ph
-pha
phaco-
phae-,phaeo-,gray
phag-,phago-,phage,phagal-,phago-,-phage
phatic
pharaoh
pharis
pharm,pharm-
pharmac-,pharmaco-,pharmaco
pharyng-,pharynx,pharyng
phase
phd
phen-,pheno-,phen
phenomen
phentermine
pher
phil-,philo-
phil
-phil,-phile
phile
-philiac
philosophy
phleb-,phleb,vein
phlogo-,phlog-,phlog
-phobe,phobe
phoen
phon-
phone
-phone
phos-
phosphor,phosph,phosph-,phospho-,phosphor-
phot-
photo,phot,phot-,photo-
phrase
phren-,phrenic-,phren,diaphragm
phthal,phthal-
phy,phys
-phy
phylo-,tribe
phyllo-
physio-,physi-,physi
physico-,physic
phyt-
-phyte
pi
pia-
piano
pic,picture
pick
pics
pict
pie
piece
pierre
piet
pig
pigeon
pike
pilaster
pile
pill
pillar
pilot
pim
pin
pine
ping
pink
pioneer
pipe,pipe-,-pipe
pira
-pire
piri-
pisce
piss
pistol
pistil
piston
pit,-pit
pitch
pity
pixel
pizz
pizza
place
plague
plain
plan
planck
-plane,plane
planet
plank
plant
plaque
-plasia
plasm-,plasma,plasm
plast
plaster
plastic
-plasty
plat
plate
platform
platin
platy-
play
player
-ple
plea
plead
please
pledge
-plegia,paralyse
pleio-,pleo-,pleo,pleio,more
plenty
plete
pleur,pleura
pleur-
-plexy
plicate
plicit
plight
plim
plio
plique
plod
plot
plough,plow
pluck
plug
plum
plume
plump
plunge
plus
pluto-,pluto
pluton
ply
pm
pne-,pneum-,pneumo-,pneumon,lung,-pne,pne,pneum
png
po
pock
pocket
pod-,pod,pode
poem
poet
point
poise
poison
poke
-pol
pol
pole
polem
policy
polio,polio-
polish
polit,politico,politico-,politick
polite
poll
pollute
polon
poly-,poly
pom
pon
pond,-pond
ponder
pong
poo
poop
pool,-pool
poor
pop
pope
popul
poppy,papaver
por-,por
porcup
porch
pore
pork
porn
porphyr-
porridge
port
portion
portrait
portray
portugu
pose
posite,posit
poss
posse
possess
possib,possible
post
post-
post,postero-
postpone
postul
pot
potass
potato
potent,potence
pouch
pound
pour
pout
pover
pow
powder
power,puiss
pox
pra-
pract
praise,laud
prance
prase
pray,rogate
pre-,pre
pre-
preach
precede
precios,precious
precipit
precise
predict
prefect
prefer
pregn
prehend
premi
premise
premol
prepare,prep
pres
presby-,presby
prescribe
present
preset
presid
preside
press
prestige
presume
pret
pretend
pretty
prev
prevale
prevaricate
prevail
preval
prevent
price
pride
priest
prim-,prim,prime,prime-,primo-
prince
princip
print
prior
prize,prise
prism
prison
privi,priv
privilege
prix
pro,pro-
prob
probate
probe
problem
proceed,procede
process
proct-,rectum
proctor
procure
prod
produce,-poiesis
product
profess
profici
profile
profit
prodigy
program,programme
progress
prognose,prognost
prognath
prohibit
project
prole,prolet
prolep,prolept
promin
promise
promote
prompt
pronunciate,pronounciate
prone,-prone
proof
-proof
prop
-prop
propag
propagand,propaganda
propel
proper
prophe,prophet
proport
propose
propriet
propriety
proprio-
prost,prosta-
prosthe,prostho-
prostitute
prostrate
prosa
prosecute
prosop-
prospect
prosper
prot-,proto-
proter-,protero-
protect
protein,prote,proteo-,proteo
protactin
protean
protest
protocol
proud
prove
provide
province
provoke
provost
prox,proxim,proxem,prox-
pry
psalm
pseph-,psepho-,elect
pseud-,pseudo-
psor-
psy,psych,psych-,psycho-,psyche
-pt
pterido
ptero-,pterygo-,wing
-ption|+be,+b
-ptosis,ptosis
-ptysis,ptysis
pu
pub
publ
pud
puff
puerto
pug
pugn,pugnac
pull
pulmon-,pulmo-,lung
pulse
pulp
pump
pun
punct
punish
pung
punge
pupil
purchase
pure
purge
purple
purpose
pursue
pus,suppur,purul,sanies
push
puss
put
puzzle
py-,py
pycno,pycno-,pycn,dense
pyel-,pyel
pykno-,pykn
pylor-,pylor
pyr-,fire
pyro-
pyramid
python
q
-qa
qi
qu,qu-
quad-,quadr-,quadru-,quadri-,quad
quack
quark
quaint
qual
quan
quant
quarrel
quart
quarter,quar
quarant
quasi-,quasi
quaver
-que
que
queen
query
quest
qui-
quiet
-quil
-quill,quil
quin-,quin
quire,-quire
quirk
quit
quite
quiz
quo
quota
quote
qurrel
r
rab
race
racem
racket
rad
radar
radi-
radio,radi-,radio-
radic-
radical
radio
raf
rage
-rage
raggle
rail
rain
raise
raj
raja
ralph
rally
ram
rama,-rama
ramp
ran
random,rand
-rando
range
rank
ransom
rant,shout
rao
rauc
rap
rape
rapid
rare
ras
rasc
rase,raze
rash
rasp
rat
rate
rather
ratie
ratio
ration
rattle
raw
ray
-rd
re,re-
reach
react
read
ready
reeeal,real,reeal
reap
reason
reave
rebell
rebuke
recall
recast
recede
receipt
recipi,receive
recent
recept,receive
recess
recipe
recite
reck
reckon
recogn
recommend
record
recover
recruit
rect-,rect
red-,red,protan-,protan
redempt,redeem
reduct,reduce
redund
reed
reel
refer
reflect
refract
reflex
refractory
#refragable
refrain
refuse
refute
reg
regard
regal
regime
region
regress
regret
regul,regu
regulate
regine
rehab,rehabilite
reign,-reign
rein
reinforce
reject
rel,relate,relev
relax
relay
release
releg
relict
relieve,relief
religi,relig
relinquish
reluc
reluct
rely
-rem
remain,remaind
remark
remedy,remed
remember
remind
reminisce
remote
remove
remorse
remunerate
ren
ren-
kidney,renal,-renal,kidney
rend
render
rent
rep
repair
repeat,reprise
repent
replic
reply
report
represent
republic
reputate
request
require
rescue
research
reserve
reset
reside
resign
resist
resolute
resolve
resort
resource
respect
respire,breath,respiro-
respite,defer
respond
responsible
-ress|+er,+or|.
-ess,-ress
rest
restaurant
restore
restrain
restrict
result
resume
retail
retain
retaliate
retch
reticul-,reticulo-
retin,retin-
retinacul
retire
retreat
retribute
retrieve
retro-
return
rev
reveal
revenge
revenue
review
revise
revolute
reward
rex
rey
rhabd-,rhabdo-
rhachi-,rhachio-,rachi,spine,rach
rhapsod
rhen
rhin-,rhino-,rhin,nose
rho
rhod-,rhodo-,rhod
rhy
rhyme
rhythm
-ri,-ry
rib
ribbon,ribband
ribose,ribo-
rice
rich
richard
rick
ricky
rico
rid
-ridden
ride
ridge
rifle
rig
right
rigor,rigour
rim
ring
rio
riot
rise
risk
rita
-rithm
ritu
rival
rive
river
rna
ro-
ro
road
roar
rob
robe
robin
robot,robo-,robor
robbie
robert
-robics
robin
rock
rod
rodent
-roe
roe
roger
rogue
role
roll
rom
roman
rome
ron
rong
roof
rook
-room
room
roost
root
rope
rose
rosh
ross
rost,rostr
rot
rough
roulette
round
rouse
route
row
roy
royal
-rrhaphy,rupt
-rrh,-rrhea,-rrhoea,-rrhage
-rrhexis
rss
ru
ruan
rub
rubber
rubbish
rubid
rubr-,rubro-
rud
rug
rugby
rui
ruin
rule
-rum
rumor,rumour
run
rune
rupt,-rupt,rupture,ruption
rural
-rus
rush
russ
russia
rust
rut
ruth
ruthen
ruther
-ry,-y
ryan
ryk,ryke
-s
s
s-
sa
sab
sabbat,sabbath
saber,sabre
sabot
sac
sack
sacr
sacred
sacrifise,sacrifice
sad
sadden
saddle
safe
sag
said
sail
saint
sake
sal
-zal,-sal
salaam
salad
salam
salary
sale
saliva
sally
salt
salute
salv
salve
salver
sam
sama
same
sample
samuel
san
sanct
sand
sane
sanford
sang
sangui-,sanguine-
sanit
sap
sapon,soap
sapi
sapor
sapro,sapro-
saphen
sapphire
sara
sartor
sarah
sar
-ce
sarco-,meat
sarcas,sarcast
-sas
sash
sashay
sass
sat
satan
sate
satellite
sati,satisfact,satisfy
satire
satur
sauce
saunter
save
savor
savvy
saw
say
scab
scabble
scav,scaf
scald
scale
scalp
scam
scan
scand
scandal
scant
scape
scar
scarce,scant
scare
scarp
scat
scatter
scene
scent
scept,skept
sceptre,scepter
sch
schedule
scheme
schist-,schisto-
schiz-,schizo-
schol
school
sci-,sci
sciol
scler-,sclero-,-sclero,-scler
-sclerosis
scold
scoli-,scolio-,scolio,scoli
-scope
scope
scorch
score
scorp
scot
scoto-
scout
scowl
scrab
scramble
scrape
scrap
scratch
scrawl
scream
screen
screw
scribe
scrimp,niggard,miser,parsimon
frugal,thrift,retrench
script
scroll
scrub
scrum
scrup
scrut
scrunch
scrutin
scruple,scrupul
scuba
sculp,sculpt
scuff
scull
scum
-se,-ce|+d|.
sea
seal
sean
sear
search
season
seat
seattle
second
secret
sect
seclude
secu
secular
secund
secure
sed-
seduct,seduce
see
seed
-seed|+se
seek
seem
seen
seg
seige
seism-
seize
seldom
select
selen
self,-self
sell
sem
semant,semasi-,semasi
semble
semester
semeio-
sema,sema-
semen
semi-,semi
semin
sen,-sen,-zen
senate
send
senior
sense
sent,-sent
seoul
sep
separate
sept-,sept,septem
seq,sequ
sequest
serb
serene
serge
seri
serine
sert,-sert
serve
sess
set
seth
settle
seven
sever
several
severe
sew
sex
-sh
sh-
sha
shade
shadow
shaft
shake,quake
shall
shallow
shame
shan
shang
shao
shape
share
shark
sharon
sharp
shatter
shave
-shaw
shaw
she
shear
shed
sheep
sheer
sheet
shelf
shell
shelter
shen
sheng
sheph
shereef,sherif
sheriff
sheung
shi
-shi
shield
shift
shih
shill
shin
shine
shing
ship
-ship
shir
shire
shirk
shirt
shit
shiv
shiver
shiva
shock
shoe
shook
shoot
shop
shore
short
shot
shou
should
shoulder
shove
show,shew
shrink
shrive
shrub
shrug
shu
shuai
shuang
shuck
tremble,shudder
shuffle
shui
shun
shut
shutter
shy
si
sial-,sialo-
sib,sible
siber
sibil
sick
-side
side
-zie,-sie
siege
sig
sigil,stamp
sigh
sight
sigmoid-,sigmoido-
sign
signal
signat
signific
signor
sikh
sikou
sile,sil
silic,silic-
silic-,silicon
silk
sill
silly
silver
sima
simi
simile
simon
simp,simple
simul
simulate
-sin|+e
sin
sing
singh
single
singapore
sinistr-,sinistro-
sink
sinus-,sinus
-sion|+d
-sion,-tion
-tion,-sion|+de
sip
sir
sis
sit
site
-sition,-tion|+re
situate
-sity,-ty|+se, +d, +s|.
-sive|+d
six
size
-sk
sketch
skew
ski
skid
skil,skill
skim
skin
skirmish
skirt
skoplje,skopje
skull
slab
slack
slam
slate
slatter
slattern
slather
slap
slash
slaught,-slaught

slave
slay
-sle,-zle
sleigh,sled
sleek
sleave
sleep
somn-,somni-,somni,sleep,somno-,somn
slice
slide
slight
slim,svelte,slender
sling
slink
slip
slit
slog
slogan
slope
swamp,slough
sloven
slow
slug
slump
slur
slurp
small
smart
smash
smile
smirch
smite
smith
-smith
smoke
smooth
smote
smother
smoulder
smudge
smug
smuggle
snack
snag
snake
snap
snatch
sneak
sneeze
sniff
snore
snorkel,snokel
snoop
snow
snug
so
soak
soar
sob
sober
soci-,soc,soci
soccer
socio-,soci-
soci,soci-,societ
sock
sod
soda,soda-
sodi-,sodi
sof
soft
soil,edaph
-sol,-soll
-sol
solar
solace,solat
sold
solder
soldier
sole
solemn
solicit
solid
solit
solute
solve
-som
soma-,soma,somat,somato-,somatico-
sombre,somber
-some
some
son
-zon,-son
-son
sone
song
sony
soon
soong,sung
soothe
soph
sor
sorry
soror
sore
sort
sot
soul
sound
soup
sour
source
south
sov
sove
soviet
sow
sp-
space
-spadias
spag
spam
span
spanish
spare
spark
spasmo-,spasm,spasmod,spast
speak,-speak
spear
spec
species,speciat
special,speical
spect
speech
speed
spele-,speleo-,spele,cave
spell
spencer
spend
sperma-,spermo-,spermato-,sperm
spew
sph
sphere,-sphere
sphagn
spheno-,spheno
sphinct
sphygm,pulse,sphygmo-,sphygmo
spic,spici-
spice
spider
spiel
spill
spin
spine
spire
spirit
spit
spike 
splash,plash
splanchn-,splanchni-,splanchn-,splanchno-
splen-,spleno-
splend
splint
split
spoil
spondyl-,spondylo-,spondyl
sponge
sponsor
spont,spont
spoon
sport
spore,spor-
spot
spouse
sprain
spray
spread,dissemin
spring
sprout
squ-,squ
squabble 
squawk,complain,complaint
squal
squall
squad
squam-,squam
squamos-,squamoso-
square
squeak
squeeze
squint,strabismus
squire
squirm
squirrel
squirt
ssu
st-
-st
sta
stab
stable
stack
stad
staff
stage
stagn
stair
stake
stal
stale
stalk
stall
-stalsis
stam
stamp
stan
stance
stand
stanley
stanza
starch
stare
stark
start
starve
-stasis,-staxis
stat,statist
state
station
static
status
stawtle
stay
stead
steady
steak
steal
steam
stear-
steato-
steel
steep
steer
stein
stem
sten
sten-,steno-
-stenosis,stenosis
step-
step
ster-
ster
stern,sterno-
stere
stereo-
steril
steth-
steve
steven
stew
steward
stewart
stheno-
stick
stiff
stifle
stig
still
stimul
sting
stink
stint
stip
stir
stitch
stitute
stock
stoke
stole
stoic
stom-,stom,stomat-,stomat,stoma-,stomato-
stomach
-stomy
stone
stoop
store
storey,story
storm
stow
straight
strain
strait
strand
strange
strangle
strap
strato-,strat
strateg
straw-,straw
stray
streak
stream
street
stren,strenu,strong,streng
strep,strepto-,strepto
stress
stretch
strew
strict
stri
stride
strike
string
strip
strive
stroke
stront
strophe
struck
struct
struggle
strych
stuart
stub
stuc
stuck
stud
stude
study
stuff
stump
stunt
stupid
stut
styl-,stylus,style,-style
styro-,styro
su
sub-,sub
subpoen,summon
sup,sup-
sus,sus-
subject
submit
subscribe
subside
substant,substan
substitu,substit
suspire
subtle
subtract
succeed
suture
such
suck
sud
sudden
sue
suf
suffer
suffice
suffoc
sugar
suggest
suic
suit
suk
sul
sulfur,sulf-,sulfo-,sulfon-,sulphon-,sulfan-,sulphur,sulphur-,sulpha,sulpha-
sulfur,sulphur
sulk,sull
sult
sultry
sum
summer
summit
summon
sun
sunder
suo
sup
super
super-,supra-,supr
super-
superfic
supply
support
suppose
suprise,suprize,surprize,surprise
sur-,sur
sura,surah
surrender,surander,surender
surcease,cease
sure
surf
surface
surge
surgery
surmise
survey
survive
suspect
suscept
suspense,suspend
suspic
sustain,sust
swain
swallow
swarm
swap
sway
swear
sweat
swed
sweep
sweet
swell
swept
swift
swim
swine
swing
swirl
swiss
switch
switz
sword
swot
sy,syl-
syringe
syrup
sym-,syn-,sym,synon
sys-,sys,syst,system,systemat
systole,systal
syd
syl
syllab
symbol
symmetr
symptom,symptomat
synov,synov-
synap,synapo-
synapo-,synap,synapse
sync,synchro-,synchron-
synerg
syne,since
synec,synoec

synop,synops
t
ta
-ta
table
tachy-
tackle
tact
tactic
tag
tah
tai
tail
tak
take
-taker
tale
talent
talk
tall
talmud
taluk
tame
tan
tang
tank
tantal
tao
tap
tape
taper
tar
tarn
target
tariff
task
taste
tat
tatar
tau
taut,taut-
taunt
taylor
tcp
-te
tea
tease 
teach 
team
tear
-tec
tech,techn
tect
ted
tedi
tee
-teen,teen
teh
tel
tele-
telic,telic-,telo-
tell
tellur
temp
temper
temperature
template,templet
tempor
tempt
ten
tenor
tend
tender
tendin,tendon
tendr
teng
tennis
tense
-tension,-tensive
tent
tentacul,tentacle
tentate
tentation
ter-,tern
tera-
terato-
terb
tere-
terior,-terior,-erior|+te
term
termin
terr
territ,terra-
terti
terse,succinct,pithy,concise
test,-test
testimon
testis,testicle
tetan-
tetra-,tetr-,-tetr,-tetra,tetra
texas
text
-th|+e
th-
thai
than
thank
that
the
theatre,theater
thel-,thel,nipple
thec-,thec
theft
their
theo-,theo
they,them
theme
then
theory,theor
therap-
therap
yonder,there
therefore
therm-,therm-,thermo-,therm
these
thesis
theta
thetic
thick
thig
thigh
thin,meager
thing,-thing
think
third
thirst
this
thomp,thom
thomas
thor
thorac-,thoraci-,thorac-,thoraco-,thoracico-,thorax,thorac
thorn
thorough
those
thou
though
thought
thousand
thr-
thread
threat
three
thresh
threw
thrill
thrive
throat
throb
thromb-,thrombo-
thromb-,thrombo-
throne
throttle
through,-through
throw
thrust
thwart
thu
thuli
thump
thunder
thurs
thus
thuse
-thy
thym-
thyr-,thyro-
-ti
ti
tibia,tibi
tian
tiao
tick
ticket
tide
tidy
tie
tien
-tif
tiger
tight
till
tilt
tim
time,-time
tin
tinct
ting
tiny
-tion|+e
-tion
tire,tyre
tissue
titan
title
tit
-tle
to
-to|+t
to-,to
toast
tobacco
toco-
tod
todd
-tode
toe
together
toggle
toil
toilet
toke
token
-tol
tol
told
toler
toll
tom
tomato
tomb
tome
tomorrow,morrow
-tomy
-ton
ton
ton-
tonsill,tonsil
tone
tong
tongue
too
tool
tooth,donti,dontic
top
top-,topo-
tope
topia,utop
topic
tor-
torse
torso
torment
toronto
tort
torture
tort-,torti-
torte
torque
toss
tot,total,toti-
tote
tou
touch
tough
tour
tourna
tout
tower
town
tox-,toxi-,tox-,toxo-,toxic-,toxico-
toy
trace
trache-,trachea-,trache,windpipe
trachel-,trachelo-,trachel
trach
track
tract
trade
tradit,tradite
traffic
traffick
tragedy,trag
trail
train
trait
-tral
trample
trance,tran
tranquil
trans-,trans
trans-,transfer
transmit,transmiss
trap
trash
-tratus|+e
trauma,traumat
trav,trav-
travel
tray
treach
tread
treason
treasure
treat
tree
trem
tremendous
trench
trend
trin,tri-,trigo-,tri
trins
trifle,nugae,nugat
trial
tribe
tribute
trilli,trilli-
trich-,trichi-,trichia,trich-,tricho-
tricho-
trick
trigger
trim
trip
-tripsy
triumph
trojan
troll
troop
trope
trop,tropic
-trophic,-tropic
-trophy,trophy,troph
trot
trouble
trout
truck
trude
trudge
true
trump
trumpet
trunk
trust
try
tsai
tsan
tsang
tsao
tsen
tseng
tso
tsou
tsu
tsui
tsunami
tsung
tsz
ttyl
tu
tuple
tuan
tub
tube
tuck
tude
-tude,-itude
tues,tue
tug
tumor,tumour
tune
tung
tungsten
tunnel
tuo
turbo,turbo-
turing
turtle
#turd
#tureen
#turf
turg
turk
turm
turn
turret
tv
twelve
tweak,tweek
tweet
twice
twin
twist
twitter
twitch
two
tx
-ty,-y
tyler
tympan-,tympano-
type
typic,typi
typhoon,typhon
tzu
-u
u
uber
-uce
-uck
-ue
-ue  -q
-uel
ugly
-ui
uighur,uygur,uigur,uyghur
uk
-uk
ukraine
ul-
-ul
-ula,-ule
-ular|+le
-ule
ultim,ult,ulto-,ulto,ult,ult-
ultra-,ultra
um
-umn,-um
-umb
un
un-
uni-
unanimous
unci-,unci,uncin
uncle
-und
under-,under
understand
-une
ungui-
uni,uni-
uni-
unique
unit
unless
until
unto
-uous|+e
up
update
upset
-ur|+e
ure,urae,ur-,uric-
uro-
uran
ural
uran,urani
urb,urban
urge
-uria
uro-,urin
urin-
-uris
url
uro-
-ury
us
-us,-ius,-rius|+e
usa
usb
use
user
usr
usual
usury
ut-
-ute
uter-,utero-,uterus,womb
utensil,utensi
util
utter
uve
uvul
-ux
uxor
-v
v
vm
va-
-va
vacate
vaccine
-vade
vag,vaga-
vagin-,vagin
vak
val
valent
valid
valley
valor,valour
valuesal
valve,valvul,valvul-,valvo-,valv-
vamp
vampire
van
vanad
vandal
vanish
vantage,vant
vapor
var,vary,vari,vari-,varie,vario-,vario
-vard
varic-,varico-,varic,varicoc,varix
variole
vas-,vaso-,vas
vasculum
vaso-
vase
vaselin,vasline
vassal
vast
varn
vat
vaudeville
vault
vaunt
vavasor
#vaward
-ve
ve
veal
vect
veget
vehicle
veil
vena,vein
venal
venatic
venation
vel
ven-,ven-
venom
vend
vene,vene-,vein
venet
venez
veneer
vener
venere,venere-,venereo-,venereo
vent
ventricul-,ventriculo-,ventricle,ventricul
venue
ver
verb
verbose
-verge,verge
vermi-,vermin
vern
vernac
versatile
verse
-version,version
verruc,verruci-
versus
vert
verteb-,vertebr
very
vesic-,vesico-,ves
vesp
vesper
vessel
vest
vestal
vestige
vestr,vesture
vet
veterin,veter
veteran
vex
-vey
-vi
-via
via
vibe
vibr
vic
vice,vice-
vise,vyce,vice
vichy
vict
victim
victory
victual,vittle
vicin
vicissitude
vicious
vid
video
vie
viet
view
viewer
vigil
vigour,vigor
vik
viking
vil,vile
vili
villain
ville,-ville
-ville
vime
vin
vina
vince
vinculum
vinegar
violate
vir
virgin
virtu
visc,visco-
viscer-,viscero-,visceri-,viscus,viscer,viscerio-
visit
vit
vivi-
vivipar
-vo
vo
voc
#vocate
vocab 
#vocal
vod
vog
vogie
vogue
voice
void
voiflu
vol-,vol
volcan,volcan-,volcano-
volatile
volume
volunt
volute
volve
vomit
vorac
vote
vow
vox
voy
vran
vs
vul
vulv
vulner
w
waaa,waa,wa
wad
wag
wage
wagner
wagon
waist
wait
waive
wake
wald
wale
walk
wall
walter
wan
wanna
wander
wang
want
war
warrant
-ward,-wards
-ward
ward
-ware
ware
warm
warn
wart
was
wash
wasp
waste
wat
watch
water
watt
waul
wave
wax
way
-way
we
weak
weal
weald
weanl,wean
weapon
wear
weasand
weasel
weather
weave
web
wed
wednes
weed
week,hebdomad
weep
wei
weigh
weir
weird
wel,well
weld
welt
wen
wend
weng
were
west
wet
whack
whale
what
wheel
whelm
when
where
whether
which
whilst,while
whimp
whims,whim
whip
whisk
whist
whisper
whistle
white
who
whole
wholesome
whom
whoop
whopstat
whorl
whose
why
wi
wick
wide
widow
wife
wig,peruke
wil,will
wild
win
-win
wind
window
wine
wing
winner
winter
wipe
wire
wise
-wise
wish
witch
with
withdraw
witness
wix
wiz
wizen
wo
wobble
woke
wolf,wolve
wolfram
women,woman
wonder
wong
-wood
woof
wool
woor
word
wore
work
world
worm
worn
worry
worship
worth
would
wound
wrap
wreak
wreck
wrestle
wright,-wright
wring
wrinkle
wrist
write
writer
wrong
wu
wuma
wy
wyo
x
xe
-x
xanth-,xantho-,xanth
xen-,xeno-,xen
xer-,xero-,dry
xi
xiph-,xiph
xlaw
xml
xu
xue
xun
xylo-,xyl-,xyl,wood
-y|+e
y
ya
yacht
yah
yam
yan
yang
yank
yao
yar
yard
yarn
yawn
yap,yelp
ye
yeah
year
yearn
yee
yeh
yell
yellow
yen
yes
yester-
yet
yew
yi
yield
yin
ying
-yl,-yll
yo-
yo
yoga
yoghurt,yogurt
-yon,yon
yong
york
yote
you
young
your
youth
yoyo
-yr
-yst
ytterb
yttr
yu
yuan
yuc
yuck
yue
yueh
yuk
yun
yung
yup
-yx
-z
-za
zach
zag
zai
zan
zang
zap
-zar
ze-
zea
zeb
zebr
zen
zeng
zep
zeph
zero
zeta
zhai
zhan
zhang
zhao
zhen
zheng
zhi
zhong
zhou
zhu
zhuan
zhuang
zhuge
zhuo
zi
ziche
zig
zil
zim
zinc
zip
zircon
zit
zo
zo-,zoo-
zombi
zombie
zone
zong
zonk
zoo
zoom
zou
zu
zue
zuo
zygo-
zym-,zymo-,zym,zymo,zyme